gap_bytes,fn_mod64,top64,top_len,land64,bottom_len,crosses64,ns_per_iter,cycles
0,0,0,7,9,9,0,0.197,1.01
1,0,0,7,10,9,0,0.198,1.02
2,0,0,7,11,9,0,0.196,1.01
3,0,0,7,12,9,0,0.195,1.00
4,0,0,7,13,9,0,0.196,1.01
5,0,0,7,14,9,0,0.197,1.01
6,0,0,7,15,9,0,0.199,1.02
7,0,0,7,16,9,0,0.197,1.01
8,0,0,7,17,9,0,0.196,1.01
9,0,0,7,18,9,0,0.196,1.01
10,0,0,7,19,9,0,0.196,1.01
11,0,0,7,20,9,0,0.195,1.00
12,0,0,7,21,9,0,0.197,1.01
13,0,0,7,22,9,0,0.196,1.00
14,0,0,7,23,9,0,0.196,1.00
15,0,0,7,24,9,0,0.199,1.02
16,0,0,7,25,9,0,0.196,1.01
17,0,0,7,26,9,0,0.198,1.02
18,0,0,7,27,9,0,0.198,1.02
19,0,0,7,28,9,0,0.196,1.01
20,0,0,7,29,9,0,0.200,1.03
21,0,0,7,30,9,0,0.196,1.01
22,0,0,7,31,9,0,0.199,1.02
23,0,0,7,32,9,0,0.196,1.00
24,0,0,7,33,9,0,0.196,1.01
25,0,0,7,34,9,0,0.199,1.02
26,0,0,7,35,9,0,0.196,1.01
27,0,0,7,36,9,0,0.197,1.01
28,0,0,7,37,9,0,0.197,1.01
29,0,0,7,38,9,0,0.198,1.02
30,0,0,7,39,9,0,0.197,1.01
31,0,0,7,40,9,0,0.195,1.00
32,0,0,7,41,9,0,0.195,1.00
33,0,0,7,42,9,0,0.195,1.00
34,0,0,7,43,9,0,0.195,1.00
35,0,0,7,44,9,0,0.196,1.01
36,0,0,7,45,9,0,0.195,1.00
37,0,0,7,46,9,0,0.195,1.00
38,0,0,7,47,9,0,0.196,1.01
39,0,0,7,48,9,0,0.195,1.00
40,0,0,7,49,9,0,0.196,1.01
41,0,0,7,50,9,0,0.195,1.00
42,0,0,7,51,9,0,0.196,1.01
43,0,0,7,52,9,0,0.195,1.00
44,0,0,7,53,9,0,0.196,1.01
45,0,0,7,54,9,0,0.196,1.00
46,0,0,7,55,9,0,0.195,1.00
47,0,0,7,56,9,1,0.392,2.01
48,0,0,7,57,9,1,0.391,2.01
49,0,0,7,58,9,1,0.391,2.01
50,0,0,7,59,9,1,0.392,2.01
51,0,0,7,60,9,1,0.392,2.01
52,0,0,7,61,9,1,0.392,2.02
53,0,0,7,62,9,1,0.393,2.02
54,0,0,7,63,9,1,0.394,2.02
55,0,0,7,0,9,0,0.197,1.01
56,0,0,7,1,9,0,0.197,1.01
57,0,0,7,2,9,0,0.197,1.01
58,0,0,7,3,9,0,0.197,1.01
59,0,0,7,4,9,0,0.197,1.01
60,0,0,7,5,9,0,0.196,1.01
61,0,0,7,6,9,0,0.198,1.01
62,0,0,7,7,9,0,0.198,1.01
63,0,0,7,8,9,0,0.196,1.01
64,0,0,7,9,9,0,0.197,1.01
65,0,0,7,10,9,0,0.199,1.02
66,0,0,7,11,9,0,0.196,1.01
67,0,0,7,12,9,0,0.197,1.01
68,0,0,7,13,9,0,0.196,1.00
69,0,0,7,14,9,0,0.197,1.01
70,0,0,7,15,9,0,0.312,1.60
71,0,0,7,16,9,0,0.196,1.01
72,0,0,7,17,9,0,0.196,1.01
73,0,0,7,18,9,0,0.196,1.01
74,0,0,7,19,9,0,0.196,1.01
75,0,0,7,20,9,0,0.196,1.01
76,0,0,7,21,9,0,0.196,1.01
77,0,0,7,22,9,0,0.196,1.01
78,0,0,7,23,9,0,0.196,1.01
79,0,0,7,24,9,0,0.196,1.01
80,0,0,7,25,9,0,0.196,1.01
81,0,0,7,26,9,0,0.196,1.00
82,0,0,7,27,9,0,0.196,1.01
83,0,0,7,28,9,0,0.196,1.01
84,0,0,7,29,9,0,0.196,1.00
85,0,0,7,30,9,0,0.196,1.01
86,0,0,7,31,9,0,0.196,1.01
87,0,0,7,32,9,0,0.196,1.01
88,0,0,7,33,9,0,0.196,1.01
89,0,0,7,34,9,0,0.196,1.01
90,0,0,7,35,9,0,0.196,1.01
91,0,0,7,36,9,0,0.196,1.00
92,0,0,7,37,9,0,0.196,1.01
93,0,0,7,38,9,0,0.196,1.01
94,0,0,7,39,9,0,0.196,1.01
95,0,0,7,40,9,0,0.196,1.00
96,0,0,7,41,9,0,0.196,1.00
97,0,0,7,42,9,0,0.196,1.01
98,0,0,7,43,9,0,0.196,1.01
99,0,0,7,44,9,0,0.196,1.01
100,0,0,7,45,9,0,0.196,1.01
101,0,0,7,46,9,0,0.196,1.01
102,0,0,7,47,9,0,0.196,1.01
103,0,0,7,48,9,0,0.196,1.00
104,0,0,7,49,9,0,0.196,1.01
105,0,0,7,50,9,0,0.196,1.01
106,0,0,7,51,9,0,0.196,1.01
107,0,0,7,52,9,0,0.196,1.01
108,0,0,7,53,9,0,0.196,1.01
109,0,0,7,54,9,0,0.196,1.00
110,0,0,7,55,9,0,0.196,1.01
111,0,0,7,56,13,1,0.391,2.01
112,0,0,7,57,13,1,0.391,2.01
113,0,0,7,58,13,1,0.391,2.01
114,0,0,7,59,13,1,0.391,2.01
115,0,0,7,60,13,1,0.391,2.01
116,0,0,7,61,13,1,0.391,2.01
117,0,0,7,62,13,1,0.391,2.01
118,0,0,7,63,13,1,0.391,2.01
119,0,0,7,0,13,0,0.196,1.01
120,0,0,7,1,13,0,0.244,1.25
121,0,0,7,2,13,0,0.196,1.01
122,0,0,7,3,13,0,0.196,1.01
123,0,0,7,4,13,0,0.196,1.01
124,0,0,7,5,13,0,0.196,1.01
125,0,0,7,6,13,0,0.196,1.01
126,0,0,11,11,13,0,0.196,1.00
127,0,0,11,12,13,0,0.196,1.01
128,0,0,11,13,13,0,0.196,1.01
129,0,0,11,14,13,0,0.196,1.01
130,0,0,11,15,13,0,0.196,1.01
131,0,0,11,16,13,0,0.196,1.01
132,0,0,11,17,13,0,0.196,1.01
133,0,0,11,18,13,0,0.196,1.00
134,0,0,11,19,13,0,0.195,1.00
135,0,0,11,20,13,0,0.196,1.00
136,0,0,11,21,13,0,0.196,1.01
137,0,0,11,22,13,0,0.196,1.01
138,0,0,11,23,13,0,0.196,1.01
139,0,0,11,24,13,0,0.196,1.01
140,0,0,11,25,13,0,0.195,1.00
141,0,0,11,26,13,0,0.196,1.00
142,0,0,11,27,13,0,0.195,1.00
143,0,0,11,28,13,0,0.196,1.00
144,0,0,11,29,13,0,0.196,1.01
145,0,0,11,30,13,0,0.196,1.01
146,0,0,11,31,13,0,0.196,1.00
147,0,0,11,32,13,0,0.196,1.00
148,0,0,11,33,13,0,0.196,1.00
149,0,0,11,34,13,0,0.196,1.00
150,0,0,11,35,13,0,0.196,1.01
151,0,0,11,36,13,0,0.196,1.01
152,0,0,11,37,13,0,0.244,1.25
153,0,0,11,38,13,0,0.196,1.01
154,0,0,11,39,13,0,0.196,1.01
155,0,0,11,40,13,0,0.196,1.01
156,0,0,11,41,13,0,0.196,1.01
157,0,0,11,42,13,0,0.196,1.01
158,0,0,11,43,13,0,0.196,1.01
159,0,0,11,44,13,0,0.196,1.01
160,0,0,11,45,13,0,0.196,1.01
161,0,0,11,46,13,0,0.196,1.01
162,0,0,11,47,13,0,0.196,1.01
163,0,0,11,48,13,0,0.196,1.01
164,0,0,11,49,13,0,0.196,1.00
165,0,0,11,50,13,0,0.196,1.00
166,0,0,11,51,13,0,0.196,1.00
167,0,0,11,52,13,1,0.391,2.01
168,0,0,11,53,13,1,0.391,2.01
169,0,0,11,54,13,1,0.391,2.01
170,0,0,11,55,13,1,0.391,2.01
171,0,0,11,56,13,1,0.391,2.01
172,0,0,11,57,13,1,0.391,2.01
173,0,0,11,58,13,1,0.391,2.01
174,0,0,11,59,13,1,0.391,2.01
175,0,0,11,60,13,1,0.391,2.01
176,0,0,11,61,13,1,0.391,2.01
177,0,0,11,62,13,1,0.391,2.01
178,0,0,11,63,13,1,0.391,2.01
179,0,0,11,0,13,0,0.196,1.00
180,0,0,11,1,13,0,0.196,1.00
181,0,0,11,2,13,0,0.195,1.00
182,0,0,11,3,13,0,0.196,1.01
183,0,0,11,4,13,0,0.206,1.06
184,0,0,11,5,13,0,0.244,1.25
185,0,0,11,6,13,0,0.196,1.00
186,0,0,11,7,13,0,0.196,1.00
187,0,0,11,8,13,0,0.196,1.00
188,0,0,11,9,13,0,0.196,1.00
189,0,0,11,10,13,0,0.196,1.01
190,0,0,11,11,13,0,0.196,1.00
191,0,0,11,12,13,0,0.196,1.01
192,0,0,11,13,13,0,0.197,1.01
193,0,0,11,14,13,0,0.198,1.02
194,0,0,11,15,13,0,0.196,1.01
195,0,0,11,16,13,0,0.197,1.01
196,0,0,11,17,13,0,0.196,1.01
197,0,0,11,18,13,0,0.196,1.01
198,0,0,11,19,13,0,0.196,1.01
199,0,0,11,20,13,0,0.196,1.01
200,0,0,11,21,13,0,0.195,1.00
201,0,0,11,22,13,0,0.196,1.01
202,0,0,11,23,13,0,0.196,1.00
203,0,0,11,24,13,0,0.196,1.00
204,0,0,11,25,13,0,0.196,1.00
205,0,0,11,26,13,0,0.196,1.01
206,0,0,11,27,13,0,0.196,1.00
207,0,0,11,28,13,0,0.196,1.01
208,0,0,11,29,13,0,0.196,1.00
209,0,0,11,30,13,0,0.196,1.00
210,0,0,11,31,13,0,0.196,1.00
211,0,0,11,32,13,0,0.196,1.01
212,0,0,11,33,13,0,0.196,1.00
213,0,0,11,34,13,0,0.196,1.00
214,0,0,11,35,13,0,0.196,1.01
215,0,0,11,36,13,0,0.195,1.00
216,0,0,11,37,13,0,0.196,1.00
217,0,0,11,38,13,0,0.196,1.01
218,0,0,11,39,13,0,0.196,1.00
219,0,0,11,40,13,0,0.196,1.01
220,0,0,11,41,13,0,0.195,1.00
221,0,0,11,42,13,0,0.196,1.01
222,0,0,11,43,13,0,0.196,1.01
223,0,0,11,44,13,0,0.196,1.01
224,0,0,11,45,13,0,0.196,1.01
225,0,0,11,46,13,0,0.195,1.00
226,0,0,11,47,13,0,0.195,1.00
227,0,0,11,48,13,0,0.196,1.00
228,0,0,11,49,13,0,0.196,1.00
229,0,0,11,50,13,0,0.196,1.00
230,0,0,11,51,13,0,0.196,1.00
231,0,0,11,52,13,1,0.391,2.01
232,0,0,11,53,13,1,0.391,2.01
233,0,0,11,54,13,1,0.391,2.01
234,0,0,11,55,13,1,0.391,2.01
235,0,0,11,56,13,1,0.391,2.01
236,0,0,11,57,13,1,0.391,2.01
237,0,0,11,58,13,1,0.391,2.01
238,0,0,11,59,13,1,0.391,2.01
239,0,0,11,60,13,1,0.391,2.01
240,0,0,11,61,13,1,0.391,2.01
241,0,0,11,62,13,1,0.391,2.01
242,0,0,11,63,13,1,0.391,2.01
243,0,0,11,0,13,0,0.195,1.00
244,0,0,11,1,13,0,0.196,1.01
245,0,0,11,2,13,0,0.196,1.01
246,0,0,11,3,13,0,0.244,1.25
247,0,0,11,4,13,0,0.196,1.00
248,0,0,11,5,13,0,0.195,1.00
249,0,0,11,6,13,0,0.195,1.00
250,0,0,11,7,13,0,0.196,1.01
251,0,0,11,8,13,0,0.196,1.00
252,0,0,11,9,13,0,0.196,1.01
253,0,0,11,10,13,0,0.196,1.00
254,0,0,11,11,13,0,0.244,1.25
255,0,0,11,12,13,0,0.196,1.01